Address,Status,Status Code,Content,Indexability,Indexability Status,Title 1,Title 1 Length,Title 1 Pixel Width,Meta Description 1,Meta Description 1 Length,Meta Description 1 Pixel Width,Meta Keyword 1,Meta Keywords 1 Length,H1-1,H1-1 length,H2-1,H2-1 length,H2-2,H2-2 length,Meta Robots 1,Meta Refresh 1,Canonical Link Element 1,"rel=""next"" 1","rel=""prev"" 1",Size (bytes),Word Count,Text Ratio,Crawl Depth,Link Score,Inlinks,Unique Inlinks,% of Total,Outlinks,Unique Outlinks,External Outlinks,Unique External Outlinks,Hash,Response Time,Last Modified,Redirect URL,Redirect Type,URL Encoded Address
https://www.unsmokeyourworld.com/en,Moved Permanently,301,text/html; charset=iso-8859-1,Non-Indexable,Redirected,,0,0,,0,0,,0,,0,,0,,0,,,,,,244,0,0,1,,0,0,0,0,0,0,0,,0.096,,https://www.unsmokeyourworld.com/en/,HTTP Redirect,https://www.unsmokeyourworld.com/en
https://www.unsmokeyourworld.com/en/,OK,200,text/html;charset=utf-8,Non-Indexable,Canonicalised,Together We Can Unsmoke The World | UnsmokeYourWorld.com,56,526,"Quitting altogether is the best choice, or if you donâ€™t, change to better, science-backed alternatives. How do you Unsmoke?",123,711,,0,UNSMOKEÂ  YOUR WORLD,19,Be inspired,11,SIGN THE PETITION,17,"index,follow",,https://www.unsmokeyourworld.com/en.html,,,67996,655,6.050356,2,,2,1,1.47,33,15,11,8,2e91e82bec2b3235388ae0ec101e3484,0.092,"Wed, 21 Apr 2021 15:25:12 GMT",,,https://www.unsmokeyourworld.com/en/
https://www.unsmokeyourworld.com/cr/como-unsmoke.html,Moved Permanently,301,text/html; charset=iso-8859-1,Non-Indexable,Redirected,,0,0,,0,0,,0,,0,,0,,0,,,,,,262,0,0,3,,49,16,23.53,0,0,0,0,,0.094,,https://www.unsmokeyourworld.com/cr/como-unsmoke.html/,HTTP Redirect,https://www.unsmokeyourworld.com/cr/como-unsmoke.html
https://www.unsmokeyourworld.com/en/ways-to-unsmoke/learn-the-science.html,Moved Permanently,301,text/html; charset=iso-8859-1,Non-Indexable,Redirected,,0,0,,0,0,,0,,0,,0,,0,,,,,,283,0,0,3,,84,42,61.76,0,0,0,0,,0.206,,https://www.unsmokeyourworld.com/en/ways-to-unsmoke/learn-the-science.html/,HTTP Redirect,https://www.unsmokeyourworld.com/en/ways-to-unsmoke/learn-the-science.html
https://www.unsmokeyourworld.com/en/features/smokers-in-the-dark-over-alternatives-to-smoking-cigarettes.html,Moved Permanently,301,text/html; charset=iso-8859-1,Non-Indexable,Redirected,,0,0,,0,0,,0,,0,,0,,0,,,,,,318,0,0,3,,4,3,4.41,0,0,0,0,,0.092,,https://www.unsmokeyourworld.com/en/features/smokers-in-the-dark-over-alternatives-to-smoking-cigarettes.html/,HTTP Redirect,https://www.unsmokeyourworld.com/en/features/smokers-in-the-dark-over-alternatives-to-smoking-cigarettes.html
https://www.unsmokeyourworld.com/en/quit-aids.html,Moved Permanently,301,text/html; charset=iso-8859-1,Non-Indexable,Redirected,,0,0,,0,0,,0,,0,,0,,0,,,,,,259,0,0,3,,4,3,4.41,0,0,0,0,,0.117,,https://www.unsmokeyourworld.com/en/quit-aids.html/,HTTP Redirect,https://www.unsmokeyourworld.com/en/quit-aids.html
https://www.unsmokeyourworld.com/en/unsmoke-stories.html,Moved Permanently,301,text/html; charset=iso-8859-1,Non-Indexable,Redirected,,0,0,,0,0,,0,,0,,0,,0,,,,,,265,0,0,3,,2,2,2.94,0,0,0,0,,0.354,,https://www.unsmokeyourworld.com/en/unsmoke-stories.html/,HTTP Redirect,https://www.unsmokeyourworld.com/en/unsmoke-stories.html
https://www.unsmokeyourworld.com/en/be-heard.html,Moved Permanently,301,text/html; charset=iso-8859-1,Non-Indexable,Redirected,,0,0,,0,0,,0,,0,,0,,0,,,,,,258,0,0,3,,121,43,63.24,0,0,0,0,,0.29,,https://www.unsmokeyourworld.com/en/be-heard.html/,HTTP Redirect,https://www.unsmokeyourworld.com/en/be-heard.html
https://www.unsmokeyourworld.com/en/ways-to-unsmoke.html,Moved Permanently,301,text/html; charset=iso-8859-1,Non-Indexable,Redirected,,0,0,,0,0,,0,,0,,0,,0,,,,,,265,0,0,3,,90,43,63.24,0,0,0,0,,0.097,,https://www.unsmokeyourworld.com/en/ways-to-unsmoke.html/,HTTP Redirect,https://www.unsmokeyourworld.com/en/ways-to-unsmoke.html
https://www.unsmokeyourworld.com/es.html,Moved Permanently,301,text/html; charset=iso-8859-1,Non-Indexable,Redirected,,0,0,,0,0,,0,,0,,0,,0,,,,,,249,0,0,3,,107,48,70.59,0,0,0,0,,0.174,,https://www.unsmokeyourworld.com/es.html/,HTTP Redirect,https://www.unsmokeyourworld.com/es.html
https://www.unsmokeyourworld.com/en/features.html,Moved Permanently,301,text/html; charset=iso-8859-1,Non-Indexable,Redirected,,0,0,,0,0,,0,,0,,0,,0,,,,,,258,0,0,3,,101,42,61.76,0,0,0,0,,0.519,,https://www.unsmokeyourworld.com/en/features.html/,HTTP Redirect,https://www.unsmokeyourworld.com/en/features.html
https://www.unsmokeyourworld.com/en.html,Moved Permanently,301,text/html; charset=iso-8859-1,Non-Indexable,Redirected,,0,0,,0,0,,0,,0,,0,,0,,,,,,244,0,0,3,,139,49,72.06,0,0,0,0,,0.125,,https://www.unsmokeyourworld.com/en/,HTTP Redirect,https://www.unsmokeyourworld.com/en.html
https://www.unsmokeyourworld.com/en/cr.html,Moved Permanently,301,text/html; charset=iso-8859-1,Non-Indexable,Redirected,,0,0,,0,0,,0,,0,,0,,0,,,,,,252,0,0,3,,2,2,2.94,0,0,0,0,,0.105,,https://www.unsmokeyourworld.com/en/cr.html/,HTTP Redirect,https://www.unsmokeyourworld.com/en/cr.html
https://www.unsmokeyourworld.com/en/learn-the-science.html,Moved Permanently,301,text/html; charset=iso-8859-1,Non-Indexable,Redirected,,0,0,,0,0,,0,,0,,0,,0,,,,,,267,0,0,3,,88,42,61.76,0,0,0,0,,0.13,,https://www.unsmokeyourworld.com/en/learn-the-science.html/,HTTP Redirect,https://www.unsmokeyourworld.com/en/learn-the-science.html
https://www.unsmokeyourworld.com/en/legal.html,Moved Permanently,301,text/html; charset=iso-8859-1,Non-Indexable,Redirected,,0,0,,0,0,,0,,0,,0,,0,,,,,,255,0,0,3,,86,43,63.24,0,0,0,0,,0.174,,https://www.unsmokeyourworld.com/en/legal.html/,HTTP Redirect,https://www.unsmokeyourworld.com/en/legal.html
https://www.unsmokeyourworld.com/en/ways-to-unsmoke/be-inspired.html,Moved Permanently,301,text/html; charset=iso-8859-1,Non-Indexable,Redirected,,0,0,,0,0,,0,,0,,0,,0,,,,,,277,0,0,3,,88,42,61.76,0,0,0,0,,0.22,,https://www.unsmokeyourworld.com/en/ways-to-unsmoke/be-inspired.html/,HTTP Redirect,https://www.unsmokeyourworld.com/en/ways-to-unsmoke/be-inspired.html
https://www.unsmokeyourworld.com/en/ways-to-unsmoke.html/,OK,200,text/html;charset=utf-8,Non-Indexable,Canonicalised,Ways to Unsmoke,15,145,"The best way to Unsmoke Your World is to quit cigaretes and nicotine. However, if you donâ€™t quit, other smoking alternatives are available.",139,795,,0,WAYSÂ TO UNSMOKE,15,Be inspired,11,ALTERNATIVE OPTIONS TO CONTINUED SMOKING?,41,"index,follow",,https://www.unsmokeyourworld.com/en/ways-to-unsmoke.html,,,69201,874,8.254216,4,,8,1,1.47,39,14,11,8,dc3a5745ce991285e5cc3f3cb35f7ce2,0.095,"Wed, 21 Apr 2021 16:15:00 GMT",,,https://www.unsmokeyourworld.com/en/ways-to-unsmoke.html/
https://www.unsmokeyourworld.com/en/quit-aids.html/,OK,200,text/html;charset=utf-8,Non-Indexable,Canonicalised,Quit aids,9,71,"Smokers should quit cigarettes altogether, but those who would otherwise continue smoking should be given the opportunity to switch to science-backed.",150,885,,0,QUITTING ALTOGETHER,19,QUIT AIDS,9,Patches,7,"index,follow",,https://www.unsmokeyourworld.com/en/quit-aids.html,,,37068,426,7.068091,4,,0,0,0,21,9,11,8,28268948eb8729deac74767acf27d3ce,0.14,"Wed, 21 Apr 2021 15:27:42 GMT",,,https://www.unsmokeyourworld.com/en/quit-aids.html/
https://www.unsmokeyourworld.com/en/features.html/,OK,200,text/html;charset=utf-8,Non-Indexable,Canonicalised,Features,8,71,"Smokers should quit cigarettes altogether, but those who would otherwise continue smoking should be given the opportunity to switch to science-backed.",150,885,,0,FEATURES,8,SIGN THE PETITION,17,JOIN THE MOVEMENT,17,"index,follow",,https://www.unsmokeyourworld.com/en/features.html,,,65714,709,6.680464,4,,0,0,0,55,26,11,8,7bd16de2430bb22c5560c45d2de633f5,0.137,"Wed, 21 Apr 2021 15:24:52 GMT",,,https://www.unsmokeyourworld.com/en/features.html/
https://www.unsmokeyourworld.com/en/ways-to-unsmoke/learn-the-science.html/,OK,200,text/html;charset=utf-8,Non-Indexable,Canonicalised,Learn The Science,17,152,"Learn more about the science, explore the common misconceptions about smoke-free alternatives and make informed decisions about their use.",138,833,,0,LEARN THE SCIENCE,17,THE PROBLEM WITH BURNING,24,WHAT IS NICOTINE?,17,"index,follow",,https://www.unsmokeyourworld.com/en/ways-to-unsmoke/learn-the-science.html,,,51187,655,8.382988,4,,0,0,0,22,9,11,8,86b1c346152c3b13d13615bd77031af1,0.149,"Wed, 21 Apr 2021 20:06:07 GMT",,,https://www.unsmokeyourworld.com/en/ways-to-unsmoke/learn-the-science.html/
https://www.unsmokeyourworld.com/cr/como-unsmoke.html/,OK,200,text/html;charset=utf-8,Non-Indexable,Canonicalised,Dejarlo del todo en la mejor opciÃ³n. Si no lo hacÃ©s. CambiÃ¡ a mejores alternativas. | SinHumo.cr,96,765,"La mejor forma de tener tu mundo sin humo es renunciando a los cigarrillos y la nicotina por completo. Si no lo dejÃ¡s, existen otras alternativas.",146,831,,0,CÃ“MO Â¿#SINHUMOCR?,17,"DEJÃ DE FUMAR DEL TODO O, SI NO LO HACÃ‰S, ESCOGÃ‰ ALTERNATIVAS LIBRES DE HUMO",76,OPCIONES ALTERNATIVAS AL CIGARRILLO?,36,"index,follow",,https://www.unsmokeyourworld.com/cr/como-unsmoke.html,,,49658,858,10.914657,4,,4,1,1.47,25,15,7,7,9a84043c14b60aa44f0a3fcd17386481,0.105,"Wed, 21 Apr 2021 15:56:35 GMT",,,https://www.unsmokeyourworld.com/cr/como-unsmoke.html/
https://www.unsmokeyourworld.com/en/legal.html/,OK,200,text/html;charset=utf-8,Non-Indexable,Canonicalised,Legal,5,44,"Smokers should quit cigarettes altogether, but those who would otherwise continue smoking should be given the opportunity to switch to science-backed.",150,885,,0,LEGAL & PRIVACY,15,Company information,19,Terms of use,12,"index,follow",,https://www.unsmokeyourworld.com/en/legal.html,,,68322,4167,36.88563,4,,7,1,1.47,27,10,13,8,1088aecea095207c0945b35f062dabd,0.157,"Wed, 21 Apr 2021 17:31:12 GMT",,,https://www.unsmokeyourworld.com/en/legal.html/
https://www.unsmokeyourworld.com/en/unsmoke-stories.html/,Not Found,404,text/html;charset=utf-8,Non-Indexable,Client Error,,0,0,,0,0,,0,,0,,0,,0,,,,,,3276,0,0,4,,0,0,0,0,0,0,0,,0.111,"Wed, 21 Apr 2021 15:23:33 GMT",,,https://www.unsmokeyourworld.com/en/unsmoke-stories.html/
https://www.unsmokeyourworld.com/en/be-heard.html/,OK,200,text/html;charset=utf-8,Non-Indexable,Canonicalised,Be Heard,8,76,Sign the Unsmoke petition now to show your support in providing adult smokers with access to and accurate information about smoke-free products. ,145,855,,0,BE HEARD,8,MAKE YOUR VOICE HEARD,21,SIGN THE PETITION,17,"index,follow",,https://www.unsmokeyourworld.com/en/be-heard.html,,,59899,994,10.278969,4,,5,1,1.47,29,12,11,8,7bad2f1216be6b7fee90c74f13939998,0.105,"Wed, 21 Apr 2021 15:32:30 GMT",,,https://www.unsmokeyourworld.com/en/be-heard.html/
https://www.unsmokeyourworld.com/es.html/,OK,200,text/html;charset=utf-8,Non-Indexable,Canonicalised,Â¿CÃ³mo participas de Unsmoke? Dejar de fumar y alternativas | UnsmokeYourWorld.com,81,703,"Los fumadores deberÃ­an dejar de fumar del todo, pero aquellos que seguirÃ­an fumando deberÃ­an tener la oportunidad de pasarse a alternativas libres de humo.",155,905,,0,UNSMOKE TU MUNDO,16,OBTÃ‰N INSPIRACIÃ“N,17,,0,"index,follow",,https://www.unsmokeyourworld.com/es.html,,,59925,560,5.7772217,4,,2,1,1.47,26,9,11,8,6e34b79d979e279ddaa5e509bdf35155,0.088,"Wed, 21 Apr 2021 15:46:18 GMT",,,https://www.unsmokeyourworld.com/es.html/
https://www.unsmokeyourworld.com/en/cr.html/,Not Found,404,text/html;charset=utf-8,Non-Indexable,Client Error,,0,0,,0,0,,0,,0,,0,,0,,,,,,3276,0,0,4,,0,0,0,0,0,0,0,,0.116,"Wed, 21 Apr 2021 15:23:33 GMT",,,https://www.unsmokeyourworld.com/en/cr.html/
https://www.unsmokeyourworld.com/en/ways-to-unsmoke/be-inspired.html/,OK,200,text/html;charset=utf-8,Non-Indexable,Canonicalised,Be inspired,11,90,"Around the world, people are Unsmoking their lives. And theyâ€™re sharing their stories here. Watch, get inspired, and vote for your favorite. Watch. Get inspired",160,905,,0,BE INSPIRED,11,HEAR OUR STORIES.,17,,0,"index,follow",,https://www.unsmokeyourworld.com/en/ways-to-unsmoke/be-inspired.html,,,182623,369,1.308707,4,,0,0,0,21,9,11,8,baf2d32b19b8b6d064fd8c088252051b,0.156,"Wed, 21 Apr 2021 20:07:09 GMT",,,https://www.unsmokeyourworld.com/en/ways-to-unsmoke/be-inspired.html/
https://www.unsmokeyourworld.com/en/learn-the-science.html/,OK,200,text/html;charset=utf-8,Non-Indexable,Canonicalised,Learn The Science,17,152,"Learn more about the science, explore the common misconceptions about smoke-free alternatives and make informed decisions about their use.",138,833,,0,LEARN THE SCIENCE,17,THE PROBLEM WITH BURNING,24,WHAT IS NICOTINE?,17,"index,follow",,https://www.unsmokeyourworld.com/en/learn-the-science.html,,,50849,652,8.407245,4,,0,0,0,21,9,11,8,71bf5bde1caf07697eada4c8ada5f22,0.204,"Wed, 21 Apr 2021 15:32:20 GMT",,,https://www.unsmokeyourworld.com/en/learn-the-science.html/
https://www.unsmokeyourworld.com/en/features/smokers-in-the-dark-over-alternatives-to-smoking-cigarettes.html/,OK,200,text/html;charset=utf-8,Non-Indexable,Canonicalised,SMOKERS IN THE DARK OVER BETTER ALTERNATIVES,44,479,New survey reveals many smokers believe they donâ€™t have enough facts about alternatives to make an informed choice.,115,685,,0,SMOKERS IN THE DARK OVER BETTER ALTERNATIVES,44,NEW SURVEY REVEALS MANY SMOKERS BELIEVE THEY DONâ€™T HAVE ENOUGH FACTS ABOUT ALTERNATIVES TO MAKE AN INFORMED CHOICE.,115,,0,"index,follow",,https://www.unsmokeyourworld.com/en/features/smokers-in-the-dark-over-alternatives-to-smoking-cigarettes.html,,,38457,471,7.811322,4,,0,0,0,22,10,11,8,d9763bab8cbe4debd4c53620e3b8fd28,0.111,"Wed, 21 Apr 2021 16:15:13 GMT",,,https://www.unsmokeyourworld.com/en/features/smokers-in-the-dark-over-alternatives-to-smoking-cigarettes.html/
https://www.unsmokeyourworld.com/cr/regulation-matters.html,Moved Permanently,301,text/html; charset=iso-8859-1,Non-Indexable,Redirected,,0,0,,0,0,,0,,0,,0,,0,,,,,,268,0,0,5,,29,14,20.59,0,0,0,0,,0.134,,https://www.unsmokeyourworld.com/cr/regulation-matters.html/,HTTP Redirect,https://www.unsmokeyourworld.com/cr/regulation-matters.html
https://www.unsmokeyourworld.com/es/legal.html,Moved Permanently,301,text/html; charset=iso-8859-1,Non-Indexable,Redirected,,0,0,,0,0,,0,,0,,0,,0,,,,,,255,0,0,5,,26,13,19.12,0,0,0,0,,0.15,,https://www.unsmokeyourworld.com/es/legal.html/,HTTP Redirect,https://www.unsmokeyourworld.com/es/legal.html
https://www.unsmokeyourworld.com/en/features/unsmoking-the-world--together.html,Moved Permanently,301,text/html; charset=iso-8859-1,Non-Indexable,Redirected,,0,0,,0,0,,0,,0,,0,,0,,,,,,288,0,0,5,,2,1,1.47,0,0,0,0,,0.469,,https://www.unsmokeyourworld.com/en/features/unsmoking-the-world--together.html/,HTTP Redirect,https://www.unsmokeyourworld.com/en/features/unsmoking-the-world--together.html
https://www.unsmokeyourworld.com/cr/legal.html,Moved Permanently,301,text/html; charset=iso-8859-1,Non-Indexable,Redirected,,0,0,,0,0,,0,,0,,0,,0,,,,,,255,0,0,5,,28,14,20.59,0,0,0,0,,0.159,,https://www.unsmokeyourworld.com/cr/legal.html/,HTTP Redirect,https://www.unsmokeyourworld.com/cr/legal.html
https://www.unsmokeyourworld.com/en/features/could-unsmoking-boost-your-social-life.html,Moved Permanently,301,text/html; charset=iso-8859-1,Non-Indexable,Redirected,,0,0,,0,0,,0,,0,,0,,0,,,,,,297,0,0,5,,2,1,1.47,0,0,0,0,,0.151,,https://www.unsmokeyourworld.com/en/features/could-unsmoking-boost-your-social-life.html/,HTTP Redirect,https://www.unsmokeyourworld.com/en/features/could-unsmoking-boost-your-social-life.html
https://www.unsmokeyourworld.com/cr.html,Moved Permanently,301,text/html; charset=iso-8859-1,Non-Indexable,Redirected,,0,0,,0,0,,0,,0,,0,,0,,,,,,249,0,0,5,,42,14,20.59,0,0,0,0,,0.153,,https://www.unsmokeyourworld.com/cr.html/,HTTP Redirect,https://www.unsmokeyourworld.com/cr.html
https://www.unsmokeyourworld.com/en/features/unsmoke-around-the-world.html,Moved Permanently,301,text/html; charset=iso-8859-1,Non-Indexable,Redirected,,0,0,,0,0,,0,,0,,0,,0,,,,,,283,0,0,5,,2,1,1.47,0,0,0,0,,0.095,,https://www.unsmokeyourworld.com/en/features/unsmoke-around-the-world.html/,HTTP Redirect,https://www.unsmokeyourworld.com/en/features/unsmoke-around-the-world.html
https://www.unsmokeyourworld.com/en/features/unsmoking-the-belgrade-business-run.html,Moved Permanently,301,text/html; charset=iso-8859-1,Non-Indexable,Redirected,,0,0,,0,0,,0,,0,,0,,0,,,,,,294,0,0,5,,2,1,1.47,0,0,0,0,,0.086,,https://www.unsmokeyourworld.com/en/features/unsmoking-the-belgrade-business-run.html/,HTTP Redirect,https://www.unsmokeyourworld.com/en/features/unsmoking-the-belgrade-business-run.html
https://www.unsmokeyourworld.com/en/features/pmi-wants-to-unsmoke-canada.html,Moved Permanently,301,text/html; charset=iso-8859-1,Non-Indexable,Redirected,,0,0,,0,0,,0,,0,,0,,0,,,,,,286,0,0,5,,2,1,1.47,0,0,0,0,,0.699,,https://www.unsmokeyourworld.com/en/features/pmi-wants-to-unsmoke-canada.html/,HTTP Redirect,https://www.unsmokeyourworld.com/en/features/pmi-wants-to-unsmoke-canada.html
https://www.unsmokeyourworld.com/es/involucrate.html,Moved Permanently,301,text/html; charset=iso-8859-1,Non-Indexable,Redirected,,0,0,,0,0,,0,,0,,0,,0,,,,,,261,0,0,5,,28,13,19.12,0,0,0,0,,0.143,,https://www.unsmokeyourworld.com/es/involucrate.html/,HTTP Redirect,https://www.unsmokeyourworld.com/es/involucrate.html
https://www.unsmokeyourworld.com/cr/como-unsmoke/alternativas-libres-de-humo-mejor-opcion.html,Moved Permanently,301,text/html; charset=iso-8859-1,Non-Indexable,Redirected,,0,0,,0,0,,0,,0,,0,,0,,,,,,303,0,0,5,,3,3,4.41,0,0,0,0,,0.135,,https://www.unsmokeyourworld.com/cr/como-unsmoke/alternativas-libres-de-humo-mejor-opcion.html/,HTTP Redirect,https://www.unsmokeyourworld.com/cr/como-unsmoke/alternativas-libres-de-humo-mejor-opcion.html
https://www.unsmokeyourworld.com/en/features/unsmoke-joins-the-urban-dictionary.html,Moved Permanently,301,text/html; charset=iso-8859-1,Non-Indexable,Redirected,,0,0,,0,0,,0,,0,,0,,0,,,,,,293,0,0,5,,2,1,1.47,0,0,0,0,,0.097,,https://www.unsmokeyourworld.com/en/features/unsmoke-joins-the-urban-dictionary.html/,HTTP Redirect,https://www.unsmokeyourworld.com/en/features/unsmoke-joins-the-urban-dictionary.html
https://www.unsmokeyourworld.com/cr/como-unsmoke/alternativas-a-seguir-fumando-cigarrillo.html,Moved Permanently,301,text/html; charset=iso-8859-1,Non-Indexable,Redirected,,0,0,,0,0,,0,,0,,0,,0,,,,,,303,0,0,5,,3,3,4.41,0,0,0,0,,0.093,,https://www.unsmokeyourworld.com/cr/como-unsmoke/alternativas-a-seguir-fumando-cigarrillo.html/,HTTP Redirect,https://www.unsmokeyourworld.com/cr/como-unsmoke/alternativas-a-seguir-fumando-cigarrillo.html
https://www.unsmokeyourworld.com/es/como-unsmoke/obten-inspiracion.html,Moved Permanently,301,text/html; charset=iso-8859-1,Non-Indexable,Redirected,,0,0,,0,0,,0,,0,,0,,0,,,,,,280,0,0,5,,34,12,17.65,0,0,0,0,,0.122,,https://www.unsmokeyourworld.com/es/como-unsmoke/obten-inspiracion.html/,HTTP Redirect,https://www.unsmokeyourworld.com/es/como-unsmoke/obten-inspiracion.html
https://www.unsmokeyourworld.com/en/features/representing-unsmoke-at-canada-pride.html,Moved Permanently,301,text/html; charset=iso-8859-1,Non-Indexable,Redirected,,0,0,,0,0,,0,,0,,0,,0,,,,,,295,0,0,5,,2,1,1.47,0,0,0,0,,0.086,,https://www.unsmokeyourworld.com/en/features/representing-unsmoke-at-canada-pride.html/,HTTP Redirect,https://www.unsmokeyourworld.com/en/features/representing-unsmoke-at-canada-pride.html
https://www.unsmokeyourworld.com/en/features/uk-smoking-rates-constituency1.html,Moved Permanently,301,text/html; charset=iso-8859-1,Non-Indexable,Redirected,,0,0,,0,0,,0,,0,,0,,0,,,,,,289,0,0,5,,2,1,1.47,0,0,0,0,,0.135,,https://www.unsmokeyourworld.com/en/features/uk-smoking-rates-constituency1.html/,HTTP Redirect,https://www.unsmokeyourworld.com/en/features/uk-smoking-rates-constituency1.html
https://www.unsmokeyourworld.com/cr/como-unsmoke/por-que-phillip-morris-international-lanzo-unsmoke-your-world.html,Moved Permanently,301,text/html; charset=iso-8859-1,Non-Indexable,Redirected,,0,0,,0,0,,0,,0,,0,,0,,,,,,324,0,0,5,,3,3,4.41,0,0,0,0,,0.122,,https://www.unsmokeyourworld.com/cr/como-unsmoke/por-que-phillip-morris-international-lanzo-unsmoke-your-world.html/,HTTP Redirect,https://www.unsmokeyourworld.com/cr/como-unsmoke/por-que-phillip-morris-international-lanzo-unsmoke-your-world.html
https://www.unsmokeyourworld.com/en/features/choice.html,Moved Permanently,301,text/html; charset=iso-8859-1,Non-Indexable,Redirected,,0,0,,0,0,,0,,0,,0,,0,,,,,,265,0,0,5,,2,1,1.47,0,0,0,0,,1.232,,https://www.unsmokeyourworld.com/en/features/choice.html/,HTTP Redirect,https://www.unsmokeyourworld.com/en/features/choice.html
https://www.unsmokeyourworld.com/en/features/south-africa-joins-the-unsmoke-movement.html,Moved Permanently,301,text/html; charset=iso-8859-1,Non-Indexable,Redirected,,0,0,,0,0,,0,,0,,0,,0,,,,,,298,0,0,5,,2,1,1.47,0,0,0,0,,0.139,,https://www.unsmokeyourworld.com/en/features/south-africa-joins-the-unsmoke-movement.html/,HTTP Redirect,https://www.unsmokeyourworld.com/en/features/south-africa-joins-the-unsmoke-movement.html
https://www.unsmokeyourworld.com/es/como-unsmoke.html,Moved Permanently,301,text/html; charset=iso-8859-1,Non-Indexable,Redirected,,0,0,,0,0,,0,,0,,0,,0,,,,,,262,0,0,5,,30,13,19.12,0,0,0,0,,0.25,,https://www.unsmokeyourworld.com/es/como-unsmoke.html/,HTTP Redirect,https://www.unsmokeyourworld.com/es/como-unsmoke.html
https://www.unsmokeyourworld.com/en/features/unsmoking-portugals-forests.html,Moved Permanently,301,text/html; charset=iso-8859-1,Non-Indexable,Redirected,,0,0,,0,0,,0,,0,,0,,0,,,,,,286,0,0,5,,2,1,1.47,0,0,0,0,,0.164,,https://www.unsmokeyourworld.com/en/features/unsmoking-portugals-forests.html/,HTTP Redirect,https://www.unsmokeyourworld.com/en/features/unsmoking-portugals-forests.html
https://www.unsmokeyourworld.com/cr/como-unsmoke/por-que-lanzar-esta-campana-ahora.html,Moved Permanently,301,text/html; charset=iso-8859-1,Non-Indexable,Redirected,,0,0,,0,0,,0,,0,,0,,0,,,,,,296,0,0,5,,3,3,4.41,0,0,0,0,,0.299,,https://www.unsmokeyourworld.com/cr/como-unsmoke/por-que-lanzar-esta-campana-ahora.html/,HTTP Redirect,https://www.unsmokeyourworld.com/cr/como-unsmoke/por-que-lanzar-esta-campana-ahora.html
https://www.unsmokeyourworld.com/en/features/bulgarians-prove-their-passion-unsmoking.html,Moved Permanently,301,text/html; charset=iso-8859-1,Non-Indexable,Redirected,,0,0,,0,0,,0,,0,,0,,0,,,,,,299,0,0,5,,2,1,1.47,0,0,0,0,,0.102,,https://www.unsmokeyourworld.com/en/features/bulgarians-prove-their-passion-unsmoking.html/,HTTP Redirect,https://www.unsmokeyourworld.com/en/features/bulgarians-prove-their-passion-unsmoking.html
https://www.unsmokeyourworld.com/en/features/uk-smoking-rates-constituency.html,Moved Permanently,301,text/html; charset=iso-8859-1,Non-Indexable,Redirected,,0,0,,0,0,,0,,0,,0,,0,,,,,,288,0,0,5,,2,1,1.47,0,0,0,0,,0.09,,https://www.unsmokeyourworld.com/en/features/uk-smoking-rates-constituency.html/,HTTP Redirect,https://www.unsmokeyourworld.com/en/features/uk-smoking-rates-constituency.html
https://www.unsmokeyourworld.com/cr/como-unsmoke/how-to-choose-a-smoke-free.html,Moved Permanently,301,text/html; charset=iso-8859-1,Non-Indexable,Redirected,,0,0,,0,0,,0,,0,,0,,0,,,,,,289,0,0,5,,2,2,2.94,0,0,0,0,,0.524,,https://www.unsmokeyourworld.com/cr/como-unsmoke/how-to-choose-a-smoke-free.html/,HTTP Redirect,https://www.unsmokeyourworld.com/cr/como-unsmoke/how-to-choose-a-smoke-free.html
https://www.unsmokeyourworld.com/es/ayudas.html,Moved Permanently,301,text/html; charset=iso-8859-1,Non-Indexable,Redirected,,0,0,,0,0,,0,,0,,0,,0,,,,,,256,0,0,5,,4,3,4.41,0,0,0,0,,0.088,,https://www.unsmokeyourworld.com/es/ayudas.html/,HTTP Redirect,https://www.unsmokeyourworld.com/es/ayudas.html
https://www.unsmokeyourworld.com/cr/ayudas.html,Moved Permanently,301,text/html; charset=iso-8859-1,Non-Indexable,Redirected,,0,0,,0,0,,0,,0,,0,,0,,,,,,256,0,0,5,,29,14,20.59,0,0,0,0,,0.088,,https://www.unsmokeyourworld.com/cr/ayudas.html/,HTTP Redirect,https://www.unsmokeyourworld.com/cr/ayudas.html
https://www.unsmokeyourworld.com/cr/como-unsmoke/regulacion-alternativa-libre-de-humo.html,Moved Permanently,301,text/html; charset=iso-8859-1,Non-Indexable,Redirected,,0,0,,0,0,,0,,0,,0,,0,,,,,,299,0,0,5,,2,2,2.94,0,0,0,0,,0.102,,https://www.unsmokeyourworld.com/cr/como-unsmoke/regulacion-alternativa-libre-de-humo.html/,HTTP Redirect,https://www.unsmokeyourworld.com/cr/como-unsmoke/regulacion-alternativa-libre-de-humo.html
https://www.unsmokeyourworld.com/cr/como-unsmoke/quit-aids.html,Moved Permanently,301,text/html; charset=iso-8859-1,Non-Indexable,Redirected,,0,0,,0,0,,0,,0,,0,,0,,,,,,272,0,0,5,,1,1,1.47,0,0,0,0,,0.148,,https://www.unsmokeyourworld.com/cr/como-unsmoke/quit-aids.html/,HTTP Redirect,https://www.unsmokeyourworld.com/cr/como-unsmoke/quit-aids.html
https://www.unsmokeyourworld.com/en/features/how-does-smoking-affect-relationships.html,Moved Permanently,301,text/html; charset=iso-8859-1,Non-Indexable,Redirected,,0,0,,0,0,,0,,0,,0,,0,,,,,,296,0,0,5,,2,1,1.47,0,0,0,0,,0.12,,https://www.unsmokeyourworld.com/en/features/how-does-smoking-affect-relationships.html/,HTTP Redirect,https://www.unsmokeyourworld.com/en/features/how-does-smoking-affect-relationships.html
https://www.unsmokeyourworld.com/en/features/supporting-macro-change.html,Moved Permanently,301,text/html; charset=iso-8859-1,Non-Indexable,Redirected,,0,0,,0,0,,0,,0,,0,,0,,,,,,282,0,0,5,,3,2,2.94,0,0,0,0,,1.254,,https://www.unsmokeyourworld.com/en/features/supporting-macro-change.html/,HTTP Redirect,https://www.unsmokeyourworld.com/en/features/supporting-macro-change.html
https://www.unsmokeyourworld.com/en/features/unsmoking-local-governments.html,Moved Permanently,301,text/html; charset=iso-8859-1,Non-Indexable,Redirected,,0,0,,0,0,,0,,0,,0,,0,,,,,,286,0,0,5,,2,1,1.47,0,0,0,0,,0.115,,https://www.unsmokeyourworld.com/en/features/unsmoking-local-governments.html/,HTTP Redirect,https://www.unsmokeyourworld.com/en/features/unsmoking-local-governments.html
https://www.unsmokeyourworld.com/cr/como-unsmoke/que-quiere-decir-unsmoke.html,Moved Permanently,301,text/html; charset=iso-8859-1,Non-Indexable,Redirected,,0,0,,0,0,,0,,0,,0,,0,,,,,,287,0,0,5,,3,3,4.41,0,0,0,0,,0.096,,https://www.unsmokeyourworld.com/cr/como-unsmoke/que-quiere-decir-unsmoke.html/,HTTP Redirect,https://www.unsmokeyourworld.com/cr/como-unsmoke/que-quiere-decir-unsmoke.html
https://www.unsmokeyourworld.com/es/news.html,Moved Permanently,301,text/html; charset=iso-8859-1,Non-Indexable,Redirected,,0,0,,0,0,,0,,0,,0,,0,,,,,,254,0,0,5,,8,6,8.82,0,0,0,0,,0.116,,https://www.unsmokeyourworld.com/es/news.html/,HTTP Redirect,https://www.unsmokeyourworld.com/es/news.html
https://www.unsmokeyourworld.com/en/features/unsmoking-local-governments.html/,OK,200,text/html;charset=utf-8,Non-Indexable,Canonicalised,UNSMOKING LOCAL GOVERNMENTS,27,319,PMI attended the Local Government Associationâ€™s annual conference to demonstrate our commitment to a smoke-free future in the UK from small towns to big cities.,160,952,,0,Unsmoking local governments,27,,0,,0,"index,follow",,https://www.unsmokeyourworld.com/en/features/unsmoking-local-governments.html,,,33424,279,5.295596,6,,0,0,0,21,9,11,8,b0f1e39d1ee2d8d3344532c486c22b5,0.124,"Wed, 21 Apr 2021 16:15:23 GMT",,,https://www.unsmokeyourworld.com/en/features/unsmoking-local-governments.html/
https://www.unsmokeyourworld.com/cr/como-unsmoke/Smoke-free%20alternatives%20a%20better%20choice.html,Moved Permanently,301,text/html; charset=iso-8859-1,Non-Indexable,Redirected,,0,0,,0,0,,0,,0,,0,,0,,,,,,308,0,0,5,,3,3,4.41,0,0,0,0,,0.395,,http://www.unsmokeyourworld.com/cr/como-unsmoke/smoke-free%20alternatives%20a%20better%20choice.html,HTTP Redirect,https://www.unsmokeyourworld.com/cr/como-unsmoke/Smoke-free%20alternatives%20a%20better%20choice.html
https://www.unsmokeyourworld.com/en/features/unsmoke-joins-the-urban-dictionary.html/,OK,200,text/html;charset=utf-8,Non-Indexable,Canonicalised,UNSMOKE JOINS THE URBAN DICTIONARY,34,371,"Philip Morris International's goal is to create a Smoke-free Future. Find out what this means, how you can help and what it means to Unsmoke Your World.",152,894,,0,UNSMOKE JOINS THE URBAN DICTIONARY,34,"IF YOU DONâ€™T SMOKE,Â DONâ€™T START. IF YOU SMOKE,Â QUIT. IF YOU DONâ€™T QUIT,Â CHANGE.",79,,0,"index,follow",,https://www.unsmokeyourworld.com/en/features/unsmoke-joins-the-urban-dictionary.html,,,35192,441,7.467606,6,,0,0,0,21,9,12,9,a2cd592e5bb2057076d431e6b8abd94a,0.167,"Thu, 22 Apr 2021 03:05:25 GMT",,,https://www.unsmokeyourworld.com/en/features/unsmoke-joins-the-urban-dictionary.html/
https://www.unsmokeyourworld.com/es/como-unsmoke/descubre-lo-que-dice-la-ciencia.html,Moved Permanently,301,text/html; charset=iso-8859-1,Non-Indexable,Redirected,,0,0,,0,0,,0,,0,,0,,0,,,,,,294,0,0,5,,27,12,17.65,0,0,0,0,,1.227,,https://www.unsmokeyourworld.com/es/como-unsmoke/descubre-lo-que-dice-la-ciencia.html/,HTTP Redirect,https://www.unsmokeyourworld.com/es/como-unsmoke/descubre-lo-que-dice-la-ciencia.html
https://www.unsmokeyourworld.com/cr.html/,OK,200,text/html;charset=utf-8,Non-Indexable,Canonicalised,"Â¿CÃ³mo #SinHumoCR? Dejarlo del todo es la mejor opciÃ³n, si no lo haces cambia a mejores alternativas. | SinHumo.cr",113,939,"Los fumadores deberÃ­an dejar de fumar del todo, pero aquellos que seguirÃ­an fumando deberÃ­an tener la oportunidad de pasarse a alternativas libres de humo.",155,905,,0,SIN HUMO CR,11,"SI NO FUMÃS, NO EMPECÃ‰S. SI FUMÃS, DEJALO. SI NO LO DEJÃS, Â¿ENTONCES QUÃ‰?",73,INSPIRATE,9,"index,follow",,https://www.unsmokeyourworld.com/cr.html,,,59441,515,5.349843,6,,0,0,0,12,5,7,7,4aa84f28707f03c5bd546f2f4bf32690,0.089,"Wed, 21 Apr 2021 15:56:18 GMT",,,https://www.unsmokeyourworld.com/cr.html/
https://www.unsmokeyourworld.com/en/features/pmi-wants-to-unsmoke-canada.html/,OK,200,text/html;charset=utf-8,Non-Indexable,Canonicalised,PHILIP MORRIS INTERNATIONAL WANTS CANADA TO UNSMOKE,51,552,MD and employees take to the streets to help smokers rid themselves of cigarettes.,82,485,,0,PHILIP MORRIS INTERNATIONAL WANTS CANADA TO UNSMOKE,51,,0,,0,"index,follow",,https://www.unsmokeyourworld.com/en/features/pmi-wants-to-unsmoke-canada.html,,,34493,448,7.9378424,6,,0,0,0,21,9,12,9,912d17cd86423ae845158d2cdae8f305,0.107,"Thu, 22 Apr 2021 04:25:12 GMT",,,https://www.unsmokeyourworld.com/en/features/pmi-wants-to-unsmoke-canada.html/
https://www.unsmokeyourworld.com/en/features/unsmoking-portugals-forests.html/,OK,200,text/html;charset=utf-8,Non-Indexable,Canonicalised,UNSMOKING PORTUGAL'S FORESTS,28,320,A new survey shows that smoking can negatively affect relationships.,68,399,,0,Unsmoking Portugal's forests,28,,0,,0,"index,follow",,https://www.unsmokeyourworld.com/en/features/unsmoking-portugals-forests.html,,,36726,442,7.2591624,6,,0,0,0,21,9,11,8,94164abb34787b78afa3ccf36e658e18,0.181,"Wed, 21 Apr 2021 18:52:20 GMT",,,https://www.unsmokeyourworld.com/en/features/unsmoking-portugals-forests.html/
https://www.unsmokeyourworld.com/cr/como-unsmoke/que-quiere-decir-unsmoke.html/,OK,200,text/html;charset=utf-8,Non-Indexable,Canonicalised,Â¿QuÃ© significa #SinHumoCR?,26,239,Lee nuestras preguntas frecuentes para obtener mÃ¡s informaciÃ³n de un mundo sin humo. La mejor opciÃ³n es dejarlo del todo.,121,725,,0,RESPUESTAS A PREGUNTAS,22,Â¿QuÃ© significa #SinHumoCR?,26,,0,"index,follow",,https://www.unsmokeyourworld.com/cr/como-unsmoke/que-quiere-decir-unsmoke.html,,,21777,138,3.9399366,6,,0,0,0,15,7,7,7,e3edc016866a9692fa970a493d037ddc,0.102,"Wed, 21 Apr 2021 16:22:37 GMT",,,https://www.unsmokeyourworld.com/cr/como-unsmoke/que-quiere-decir-unsmoke.html/
https://www.unsmokeyourworld.com/en/features/could-unsmoking-boost-your-social-life.html/,OK,200,text/html;charset=utf-8,Non-Indexable,Canonicalised,COULD UNSMOKING BOOST YOUR SOCIAL LIFE?,39,425,Survey says: smokersâ€™ social life with friends and family is impacted by smoking. What we learned from an independent study on smoking and relationships.,153,903,,0,Could unsmoking boost your social life?,39,,0,,0,"index,follow",,https://www.unsmokeyourworld.com/en/features/could-unsmoking-boost-your-social-life.html,,,38518,616,9.873306,6,,0,0,0,23,11,11,8,c63c3af245237f6ebdda6e627e5f18ea,0.084,"Wed, 21 Apr 2021 16:15:37 GMT",,,https://www.unsmokeyourworld.com/en/features/could-unsmoking-boost-your-social-life.html/
https://www.unsmokeyourworld.com/cr/como-unsmoke/por-que-phillip-morris-international-lanzo-unsmoke-your-world.html/,OK,200,text/html;charset=utf-8,Non-Indexable,Canonicalised,Â¿Por quÃ© PMI lanzÃ³ esta camapaÃ±a?,33,294,Descubre por que Philip Morris Costa Rica lanzÃ³ la camÃ Ã±a de #SinHumoCR. AquÃ­ podÃ©s encotrar respuestas e informaciÃ³n de  Sin Humo CR.,134,827,,0,RESPUESTAS A PREGUNTAS,22,Â¿Por quÃ© PMI lanzÃ³ esta camapaÃ±a?,33,,0,"index,follow",,https://www.unsmokeyourworld.com/cr/como-unsmoke/por-que-phillip-morris-international-lanzo-unsmoke-your-world.html,,,22463,222,6.1656947,6,,0,0,0,15,7,7,7,7529bdf8e2cf29f922bff59373ddd30d,0.093,"Wed, 21 Apr 2021 19:06:36 GMT",,,https://www.unsmokeyourworld.com/cr/como-unsmoke/por-que-phillip-morris-international-lanzo-unsmoke-your-world.html/
https://www.unsmokeyourworld.com/en/features/supporting-macro-change.html/,OK,200,text/html;charset=utf-8,Non-Indexable,Canonicalised,SUPPORTING MACRO CHANGE: Q&A,28,318,"Regulation is an important part of proper, functioning societies around the world.",82,460,,0,SUPPORTING MACRO CHANGE,23,What are some factors that cause regulation to change?,54,Is there an example of a new product that triggered regulation change?,70,"index,follow",,https://www.unsmokeyourworld.com/en/features/supporting-macro-change.html,,,44984,841,11.604126,6,,0,0,0,21,9,11,8,811ed5bfcdf128d74be0f329227a5109,0.086,"Thu, 22 Apr 2021 08:38:11 GMT",,,https://www.unsmokeyourworld.com/en/features/supporting-macro-change.html/
https://www.unsmokeyourworld.com/es/legal.html/,OK,200,text/html;charset=utf-8,Non-Indexable,Canonicalised,Legal,5,44,"Smokers should quit cigarettes altogether, but those who would otherwise continue smoking should be given the opportunity to switch to science-backed.",150,885,,0,DIRECTRICES LEGALES,19,INFORMACIÃ“N DE LA EMPRESA,25,TÃ‰RMINOS DE USO,15,"index,follow",,https://www.unsmokeyourworld.com/es/legal.html,,,70202,4370,40.429047,6,,7,1,1.47,23,9,13,8,561ed55674b1c113e02bd55a7eb00219,0.098,"Thu, 22 Apr 2021 04:30:18 GMT",,,https://www.unsmokeyourworld.com/es/legal.html/
https://www.unsmokeyourworld.com/cr/como-unsmoke/how-to-choose-a-smoke-free.html/,OK,200,text/html;charset=utf-8,Non-Indexable,Canonicalised,How to choose a Smoke-free,26,231,"Read our Q&A to find answers and information about e-cigarettes, heated tobacco, and other smoke-free options.",110,652,,0,Key Questions,13,How to choose a Smoke-free,26,,0,"index,follow",,https://www.unsmokeyourworld.com/cr/como-unsmoke/how-to-choose-a-smoke-free.html,,,21899,149,4.438559,6,,0,0,0,15,7,7,7,8ab1a52180470002d23cd39542050626,0.091,"Thu, 22 Apr 2021 08:38:11 GMT",,,https://www.unsmokeyourworld.com/cr/como-unsmoke/how-to-choose-a-smoke-free.html/
https://www.unsmokeyourworld.com/cr/como-unsmoke/por-que-lanzar-esta-campana-ahora.html/,OK,200,text/html;charset=utf-8,Non-Indexable,Canonicalised,Â¿Por quÃ© PMI lanzÃ³ #SinHumoCR ahora?,36,332,Â¿Por quÃ© Philip Morris lanzÃ³ #SinHumoCR ahora? Lee nuestras FAQ para encontrat respuestas e informaciÃ³n sobre #SinHumoCR.,121,757,,0,RESPUESTAS A PREGUNTAS,22,Â¿Por quÃ© PMI lanzÃ³ #SinHumoCR ahora?,36,,0,"index,follow",,https://www.unsmokeyourworld.com/cr/como-unsmoke/por-que-lanzar-esta-campana-ahora.html,,,21834,137,3.9662912,6,,0,0,0,15,7,7,7,2db0914ed0fd3e941bf11be1953e4331,0.093,"Thu, 22 Apr 2021 08:38:11 GMT",,,https://www.unsmokeyourworld.com/cr/como-unsmoke/por-que-lanzar-esta-campana-ahora.html/
https://www.unsmokeyourworld.com/es/involucrate.html/,OK,200,text/html;charset=utf-8,Non-Indexable,Canonicalised,InvolÃºcrate,11,87,Sign the Unsmoke petition now to show your support in providing adult smokers with access to and accurate information about smoke-free products. ,145,855,,0,INVOLÃšCRATE,11,,0,,0,"index,follow",,https://www.unsmokeyourworld.com/es/involucrate.html,,,34854,413,7.5486317,6,,0,0,0,15,7,11,8,f7067f9fd87463e69adf64eebb4b4dd6,0.103,"Thu, 22 Apr 2021 08:38:11 GMT",,,https://www.unsmokeyourworld.com/es/involucrate.html/
https://www.unsmokeyourworld.com/cr/legal.html/,OK,200,text/html;charset=utf-8,Non-Indexable,Canonicalised,Lineamientos Legales | SinHumo.cr,33,283,Esta pÃ¡gina de SinHumoCR contiene lineamientos relacionados con el sitio web de la compaÃ±Ã­a (Philip Morris Products S.A.),121,725,,0,DIRECTRICES LEGALES,19,InformaciÃ³n de la empresa,25,TÃ‰RMINOS DE USO,15,"index,follow",,https://www.unsmokeyourworld.com/cr/legal.html,,,107031,7798,45.93529,6,,7,1,1.47,19,7,9,9,ee350527a5d1ea6d893a60d9eb0660f,0.102,"Wed, 21 Apr 2021 18:39:54 GMT",,,https://www.unsmokeyourworld.com/cr/legal.html/
https://www.unsmokeyourworld.com/es/como-unsmoke/obten-inspiracion.html/,OK,200,text/html;charset=utf-8,Non-Indexable,Canonicalised,OBTÃ‰N INSPIRACIÃ“N,17,181,"Around the world, people are Unsmoking their lives. And theyâ€™re sharing their stories here. Watch, get inspired, and vote for your favorite. Watch. Get inspired",160,905,,0,OBTÃ‰N INSPIRACIÃ“N,17,ESCUCHA NUESTRAS HISTORIAS,26,,0,"index,follow",,https://www.unsmokeyourworld.com/es/como-unsmoke/obten-inspiracion.html,,,43176,129,1.9362608,6,,0,0,0,16,7,11,8,2ba8f6c6a9aaf856dd3c09b9dd95496c,0.086,"Thu, 22 Apr 2021 02:02:04 GMT",,,https://www.unsmokeyourworld.com/es/como-unsmoke/obten-inspiracion.html/
https://www.unsmokeyourworld.com/en/features/uk-smoking-rates-constituency.html/,OK,200,text/html;charset=utf-8,Non-Indexable,Canonicalised,THE UNSMOKE CONSTITUENCY HEATMAP,32,372,A new survey shows that smoking can negatively affect relationships.,68,399,,0,THE UNSMOKE CONSTITUENCY HEATMAP,32,PMI CREATES A RESOURCE TO ALLOW THE PUBLIC AND POLITICIANS TO VISUALLY EXPLORE SMOKING RATES ACROSS GREAT BRITAIN,113,,0,"index,follow",,https://www.unsmokeyourworld.com/en/features/uk-smoking-rates-constituency.html,,,34876,385,6.890125,6,,0,0,0,21,9,12,9,2c33d4df55b66b264659c2fb6abe7b65,0.099,"Thu, 22 Apr 2021 08:38:11 GMT",,,https://www.unsmokeyourworld.com/en/features/uk-smoking-rates-constituency.html/
https://www.unsmokeyourworld.com/cr/como-unsmoke/alternativas-a-seguir-fumando-cigarrillo.html/,OK,200,text/html;charset=utf-8,Non-Indexable,Canonicalised,AprendÃ© mÃ¡s sobre alternativas libres de humo.,46,379,Lee nuestras preguntas frencuentes y descubre un mundo sin humo. Aprende mÃ¡s sobre alternativas para personas que no lo dejan. ,127,765,,0,RESPUESTAS A PREGUNTAS,22,AprendÃ© mÃ¡s sobre alternativas libres de humo.,46,,0,"index,follow",,https://www.unsmokeyourworld.com/cr/como-unsmoke/alternativas-a-seguir-fumando-cigarrillo.html,,,22296,189,5.4224973,6,,0,0,0,15,7,7,7,3dc5471a7625a34645409b5e63e9a415,0.1,"Thu, 22 Apr 2021 07:26:57 GMT",,,https://www.unsmokeyourworld.com/cr/como-unsmoke/alternativas-a-seguir-fumando-cigarrillo.html/
https://www.unsmokeyourworld.com/es/news.html/,OK,200,text/html;charset=utf-8,Non-Indexable,Canonicalised,News,4,45,"Smokers should quit cigarettes altogether, but those who would otherwise continue smoking should be given the opportunity to switch to science-backed.",150,885,,0,News and Updates,16,,0,,0,"index,follow",,https://www.unsmokeyourworld.com/es/news.html,,,30329,187,3.9038544,6,,0,0,0,23,11,11,8,1726922c62af83a353902a5aef45e976,0.09,"Thu, 22 Apr 2021 08:38:12 GMT",,,https://www.unsmokeyourworld.com/es/news.html/
https://www.unsmokeyourworld.com/es/como-unsmoke.html/,OK,200,text/html;charset=utf-8,Non-Indexable,Canonicalised,CÃ³mo Unsmoke,12,127,"The best way to Unsmoke Your World is to quit cigaretes and nicotine. However, if you donâ€™t quit, other smoking alternatives are available.",139,795,,0,CÃ“MO UNSMOKE,12,OBTÃ‰N INSPIRACIÃ“N,17,ALTERNATIVAS A SEGUIR FUMANDO?,30,"index,follow",,https://www.unsmokeyourworld.com/es/como-unsmoke.html,,,64037,913,8.940144,6,,8,1,1.47,33,10,11,8,83422d8c517306822885baa36bf2f06c,0.091,"Wed, 21 Apr 2021 16:41:58 GMT",,,https://www.unsmokeyourworld.com/es/como-unsmoke.html/
https://www.unsmokeyourworld.com/en/features/unsmoking-the-belgrade-business-run.html/,OK,200,text/html;charset=utf-8,Non-Indexable,Canonicalised,UNSMOKE COMES TO THE BELGRADE BUSINESS RUN,42,476,Unsmoke Your World is expanding its efforts worldwide. Learn how our local team in Serbia embraced the Unsmoke Your World movement at the Belgrade Business Run.,160,981,,0,UNSMOKE COMES TO THE BELGRADE BUSINESS RUN,42,,0,,0,"index,follow",,https://www.unsmokeyourworld.com/en/features/unsmoking-the-belgrade-business-run.html,,,33601,309,5.3540072,6,,0,0,0,21,9,11,8,314f0ad91f547faee219265a7a8fb4db,0.093,"Wed, 21 Apr 2021 16:15:29 GMT",,,https://www.unsmokeyourworld.com/en/features/unsmoking-the-belgrade-business-run.html/
https://www.unsmokeyourworld.com/es/como-unsmoke/descubre-lo-que-dice-la-ciencia.html/,OK,200,text/html;charset=utf-8,Non-Indexable,Canonicalised,DESCUBRE LO QUE DICE LA CIENCIA,31,321,"Learn more about the science, explore the common misconceptions about smoke-free alternatives and make informed decisions about their use.",138,833,,0,DESCUBRE LO QUE DICE LA CIENCIA,31,,0,,0,"index,follow",,https://www.unsmokeyourworld.com/es/como-unsmoke/descubre-lo-que-dice-la-ciencia.html,,,33730,317,5.7663803,6,,0,0,0,16,7,11,8,d6f923f3d8654645cbdebee33b1813b8,0.161,"Wed, 21 Apr 2021 21:46:27 GMT",,,https://www.unsmokeyourworld.com/es/como-unsmoke/descubre-lo-que-dice-la-ciencia.html/
https://www.unsmokeyourworld.com/en/features/bulgarians-prove-their-passion-unsmoking.html/,OK,200,text/html;charset=utf-8,Non-Indexable,Canonicalised,BULGARIANS PROVE THEIR PASSION FOR UNSMOKING,44,480,A new survey shows that smoking can negatively affect relationships.,68,399,,0,Bulgarians prove their passion for unsmoking,44,PMIâ€™S CAMPAIGN HAS SPARKED A SHIFT TO A SMOKE-FREE FUTURE IN THE BALKAN NATION.,79,,0,"index,follow",,https://www.unsmokeyourworld.com/en/features/bulgarians-prove-their-passion-unsmoking.html,,,34383,312,5.4416428,6,,0,0,0,21,9,11,8,af54c1da4d448bb77848d2a82c8ee53e,0.128,"Wed, 21 Apr 2021 22:55:26 GMT",,,https://www.unsmokeyourworld.com/en/features/bulgarians-prove-their-passion-unsmoking.html/
https://www.unsmokeyourworld.com/en/features/choice.html/,OK,200,text/html;charset=utf-8,Non-Indexable,Canonicalised,Choice,6,56,Choice. Something we are all entitled to. The best choice a smoker can make is to quit cigarettes and nicotine altogether. ,123,703,,0,Choice,6,,0,,0,"index,follow",,https://www.unsmokeyourworld.com/en/features/choice.html,,,31305,156,2.9547994,6,,0,0,0,22,9,11,8,50eaf80c113fe49189c65f962d2a935a,0.136,"Thu, 22 Apr 2021 08:38:12 GMT",,,https://www.unsmokeyourworld.com/en/features/choice.html/
https://www.unsmokeyourworld.com/es/ayudas.html/,OK,200,text/html;charset=utf-8,Non-Indexable,Canonicalised,Ayudas,6,59,"Smokers should quit cigarettes altogether, but those who would otherwise continue smoking should be given the opportunity to switch to science-backed.",150,885,,0,DEJA DE FUMAR POR COMPLETO,26,PRODUCTOS DE AYUDA PARA DEJAR DE FUMAR,38,PARCHES,7,"index,follow",,https://www.unsmokeyourworld.com/es/ayudas.html,,,31047,405,7.98789,6,,0,0,0,15,7,11,8,557009e9ebc0e4f5db20a27a1603e53f,0.097,"Thu, 22 Apr 2021 07:04:58 GMT",,,https://www.unsmokeyourworld.com/es/ayudas.html/
https://www.unsmokeyourworld.com/en/features/how-does-smoking-affect-relationships.html/,OK,200,text/html;charset=utf-8,Non-Indexable,Canonicalised,HOW DOES SMOKING AFFECT RELATIONSHIPS?,38,421,A new survey shows that smoking can negatively affect relationships.,68,399,,0,"RELIGHT YOUR FIRE, NOT YOUR CIGARETTE",37,"A NEW SURVEY HAS LIFTED THE LID ON THE IMPACT SMOKING CAN HAVE ON RELATIONSHIPS, AND SHOWS IT IS A SOURCE OF CONFLICT FOR COUPLES MADE UP OF A SMOKER AND NONSMOKER.",164,UNSMOKING TOGETHER,18,"index,follow",,https://www.unsmokeyourworld.com/en/features/how-does-smoking-affect-relationships.html,,,38277,493,7.908143,6,,0,0,0,23,11,11,8,d7684d006adc19e94726a57f0fa84619,0.089,"Thu, 22 Apr 2021 02:06:37 GMT",,,https://www.unsmokeyourworld.com/en/features/how-does-smoking-affect-relationships.html/
https://www.unsmokeyourworld.com/cr/como-unsmoke/quit-aids.html/,OK,200,text/html;charset=utf-8,Non-Indexable,Canonicalised,Ayudas,6,59,"Dejar los cigarrillos y la nicotina del todo es la mejor opciÃ³n para cualquier fumador. Cualquiera que sea el mÃ©todo, lo mÃ¡s importante es renunciar.",149,850,,0,AYUDAS PARA DEJAR DE FUMAR,26,BUSCA ASESORÃA,14,,0,"index,follow",,https://www.unsmokeyourworld.com/cr/como-unsmoke/quit-aids.html,,,26249,309,7.386948,6,,0,0,0,13,5,7,7,98c091b3f1e30d8acdb0b2d54bb76694,0.107,"Thu, 22 Apr 2021 08:38:12 GMT",,,https://www.unsmokeyourworld.com/cr/como-unsmoke/quit-aids.html/
https://www.unsmokeyourworld.com/cr/ayudas.html/,OK,200,text/html;charset=utf-8,Non-Indexable,Canonicalised,InformaciÃ³n bÃ¡sica sobre cÃ³mo dejarlo | SinHumoCR.com,53,459,"Dejar los cigarros y la nicotica del todo es la mejor decisiÃ³n que cualquier adulto fumador puede tomar. Sin importar el mÃ©todo, dejarlo es lo mÃ¡s importante.",158,906,,0,AYUDAS PARA DEJAR DE FUMAR,26,BUSCÃÂ ASESORÃA,14,,0,"index,follow",,https://www.unsmokeyourworld.com/cr/ayudas.html,,,25910,312,7.5800853,6,,0,0,0,11,5,7,7,a26cde75a6a3018dd090d2f53509696e,0.115,"Wed, 21 Apr 2021 18:39:47 GMT",,,https://www.unsmokeyourworld.com/cr/ayudas.html/
https://www.unsmokeyourworld.com/cr/como-unsmoke/regulacion-alternativa-libre-de-humo.html/,OK,200,text/html;charset=utf-8,Non-Indexable,Canonicalised,LeÃ© sobre las regulaciones sin humo,35,292,Muchas regulaciones al fumado fueron desarrolladas antes de que las aternativas sin humo existieran. Se necesitan nuevas regulaciones para ayudar a un mundo. ,158,939,,0,RESPUESTAS A PREGUNTAS,22,LeÃ© sobre las regulaciones sin humo,35,,0,"index,follow",,https://www.unsmokeyourworld.com/cr/como-unsmoke/regulacion-alternativa-libre-de-humo.html,,,22102,149,4.2846804,6,,0,0,0,15,7,7,7,f8ba02b50c08954cf59f37034470e54d,0.111,"Thu, 22 Apr 2021 08:38:12 GMT",,,https://www.unsmokeyourworld.com/cr/como-unsmoke/regulacion-alternativa-libre-de-humo.html/
https://www.unsmokeyourworld.com/en/features/representing-unsmoke-at-canada-pride.html/,OK,200,text/html;charset=utf-8,Non-Indexable,Canonicalised,REPRESENTING UNSMOKE AT CANADA PRIDE,36,402,"This year Unsmoke helped to celebrate community and spread our message: if you donâ€™t smoke, donâ€™t start; if you smoke, quit; if you donâ€™t quit, change.",151,882,,0,REPRESENTING UNSMOKE AT CANADA PRIDE,36,,0,,0,"index,follow",,https://www.unsmokeyourworld.com/en/features/representing-unsmoke-at-canada-pride.html,,,32117,226,4.197154,6,,0,0,0,21,9,11,8,94b3c1815f744cdbea5f3067f0155fb4,0.084,"Wed, 21 Apr 2021 15:23:38 GMT",,,https://www.unsmokeyourworld.com/en/features/representing-unsmoke-at-canada-pride.html/
https://www.unsmokeyourworld.com/en/features/unsmoke-around-the-world.html/,OK,200,text/html;charset=utf-8,Non-Indexable,Canonicalised,UNSMOKE AROUND THE WORLD,24,287,"All over the world, we have found Unsmokers with all kinds of stories, they share their Unsmoke journeys with us.",113,652,,0,UNSMOKE AROUND THE WORLD,24,,0,,0,"index,follow",,https://www.unsmokeyourworld.com/en/features/unsmoke-around-the-world.html,,,33973,447,7.8856735,6,,0,0,0,21,9,11,8,7346f307cbb180dec7b136ec2ac3757f,0.094,"Wed, 21 Apr 2021 17:50:19 GMT",,,https://www.unsmokeyourworld.com/en/features/unsmoke-around-the-world.html/
https://www.unsmokeyourworld.com/cr/regulation-matters.html/,OK,200,text/html;charset=utf-8,Non-Indexable,Canonicalised,"Las regulaciones para el fumado y para los productos sin humo son vitales, pero necesitan adaptarse. | SinHumo.cr",113,921,"Muchas regulaciones al fumado feron desarrolladas antes de que el vapeo, el tabaco calentado y otras alternativas sin humo existieras.",134,781,,0,LA REGULACIÃ“N CUENTA,20,"LAS NORMAS ANTITABACO SON VITALES, PERO ES NECESARIO ADAPTARLAS",63,QUÃ‰ SABEMOS,11,"index,follow",,https://www.unsmokeyourworld.com/cr/regulation-matters.html,,,29779,349,7.246718,6,,0,0,0,13,6,7,7,ceaa6786f30607fcfca275aa9a49be44,0.09,"Wed, 21 Apr 2021 18:39:46 GMT",,,https://www.unsmokeyourworld.com/cr/regulation-matters.html/
https://www.unsmokeyourworld.com/cr/como-unsmoke/alternativas-libres-de-humo-mejor-opcion.html/,OK,200,text/html;charset=utf-8,Non-Indexable,Canonicalised,DescubrÃ­ mÃ¡s sobre alternativas al fumado,41,341,"Lee nuestras preguntas frencuentes y descubre un mundo sin humo. Aprende mÃ¡s sobre alternativas para personas que no lo dejan. 

",131,765,,0,RESPUESTAS A PREGUNTAS,22,DescubrÃ­ mÃ¡s sobre alternativas al fumado,41,,0,"index,follow",,https://www.unsmokeyourworld.com/cr/como-unsmoke/alternativas-libres-de-humo-mejor-opcion.html,,,22410,206,5.8723783,6,,0,0,0,15,7,7,7,b3b9ca048d40e8cfa226532792124d9f,0.265,"Thu, 22 Apr 2021 08:38:12 GMT",,,https://www.unsmokeyourworld.com/cr/como-unsmoke/alternativas-libres-de-humo-mejor-opcion.html/
https://www.unsmokeyourworld.com/en/features/uk-smoking-rates-constituency1.html/,OK,200,text/html;charset=utf-8,Non-Indexable,Canonicalised,THE UNSMOKE CONSTITUENCY HEATMAP,32,372,A new survey shows that smoking can negatively affect relationships.,68,399,,0,THE UNSMOKE CONSTITUENCY HEATMAP,32,PMI CREATES A RESOURCE TO ALLOW THE PUBLIC AND POLITICIANS TO VISUALLY EXPLORE SMOKING RATES ACROSS GREAT BRITAIN,113,,0,"index,follow",,https://www.unsmokeyourworld.com/en/features/uk-smoking-rates-constituency1.html,,,34881,385,6.8891377,6,,0,0,0,21,9,12,9,bc2173ffdec8e28cb421384d9ebd7ddf,0.101,"Thu, 22 Apr 2021 00:55:20 GMT",,,https://www.unsmokeyourworld.com/en/features/uk-smoking-rates-constituency1.html/
https://www.unsmokeyourworld.com/en/features/unsmoking-the-world--together.html/,OK,200,text/html;charset=utf-8,Non-Indexable,Canonicalised,"UNSMOKING THE WORLD, TOGETHER",29,336,"Itâ€™s been a big first year for Unsmoke, and we are progressing towards sharing the initiative around the world.",111,624,,0,"UNSMOKING THE WORLD, TOGETHER",29,,0,,0,"index,follow",,https://www.unsmokeyourworld.com/en/features/unsmoking-the-world--together.html,,,33767,384,6.5951967,6,,0,0,0,21,9,11,8,9bb312aa1241f106fe661f853bb33fd9,0.091,"Thu, 22 Apr 2021 08:38:13 GMT",,,https://www.unsmokeyourworld.com/en/features/unsmoking-the-world--together.html/
https://www.unsmokeyourworld.com/en/features/south-africa-joins-the-unsmoke-movement.html/,OK,200,text/html;charset=utf-8,Non-Indexable,Canonicalised,SOUTH AFRICA JOINS THE UNSMOKE MOVEMENT,39,436,"We will Unsmoke South Africa through the power of conversation, partnership and accurate information about smoke-free alternatives.",131,768,,0,SOUTH AFRICA JOINS THE UNSMOKE MOVEMENT,39,,0,,0,"index,follow",,https://www.unsmokeyourworld.com/en/features/south-africa-joins-the-unsmoke-movement.html,,,33728,357,6.4516125,6,,0,0,0,21,9,11,8,4b6a5aa56798aae81dfe6adce901ea79,0.088,"Thu, 22 Apr 2021 08:38:13 GMT",,,https://www.unsmokeyourworld.com/en/features/south-africa-joins-the-unsmoke-movement.html/
https://www.unsmokeyourworld.com/es/involucrate-1.html,Moved Permanently,301,text/html; charset=iso-8859-1,Non-Indexable,Redirected,,0,0,,0,0,,0,,0,,0,,0,,,,,,263,0,0,7,,1,1,1.47,0,0,0,0,,0.087,,https://www.unsmokeyourworld.com/es/involucrate-1.html/,HTTP Redirect,https://www.unsmokeyourworld.com/es/involucrate-1.html
https://www.unsmokeyourworld.com/en/news.html,Moved Permanently,301,text/html; charset=iso-8859-1,Non-Indexable,Redirected,,0,0,,0,0,,0,,0,,0,,0,,,,,,254,0,0,7,,17,16,23.53,0,0,0,0,,0.088,,https://www.unsmokeyourworld.com/en/news.html/,HTTP Redirect,https://www.unsmokeyourworld.com/en/news.html
https://www.unsmokeyourworld.com/es/news/representing-unsmoke-at-canada-pride.html,Moved Permanently,301,text/html; charset=iso-8859-1,Non-Indexable,Redirected,,0,0,,0,0,,0,,0,,0,,0,,,,,,291,0,0,7,,2,1,1.47,0,0,0,0,,0.109,,https://www.unsmokeyourworld.com/es/news/representing-unsmoke-at-canada-pride.html/,HTTP Redirect,https://www.unsmokeyourworld.com/es/news/representing-unsmoke-at-canada-pride.html
https://www.unsmokeyourworld.com/es/news/unsmoke-around-the-world.html,Moved Permanently,301,text/html; charset=iso-8859-1,Non-Indexable,Redirected,,0,0,,0,0,,0,,0,,0,,0,,,,,,279,0,0,7,,2,1,1.47,0,0,0,0,,0.097,,https://www.unsmokeyourworld.com/es/news/unsmoke-around-the-world.html/,HTTP Redirect,https://www.unsmokeyourworld.com/es/news/unsmoke-around-the-world.html
https://www.unsmokeyourworld.com/es/news/south-africa-joins-the-unsmoke-movement.html,Moved Permanently,301,text/html; charset=iso-8859-1,Non-Indexable,Redirected,,0,0,,0,0,,0,,0,,0,,0,,,,,,294,0,0,7,,2,1,1.47,0,0,0,0,,0.133,,https://www.unsmokeyourworld.com/es/news/south-africa-joins-the-unsmoke-movement.html/,HTTP Redirect,https://www.unsmokeyourworld.com/es/news/south-africa-joins-the-unsmoke-movement.html
https://www.unsmokeyourworld.com/es/news/unsmoking-the-world--together.html,Moved Permanently,301,text/html; charset=iso-8859-1,Non-Indexable,Redirected,,0,0,,0,0,,0,,0,,0,,0,,,,,,284,0,0,7,,2,1,1.47,0,0,0,0,,0.113,,https://www.unsmokeyourworld.com/es/news/unsmoking-the-world--together.html/,HTTP Redirect,https://www.unsmokeyourworld.com/es/news/unsmoking-the-world--together.html
https://www.unsmokeyourworld.com/cr/regulation-matters/el-derecho-a-saber.html,Moved Permanently,301,text/html; charset=iso-8859-1,Non-Indexable,Redirected,,0,0,,0,0,,0,,0,,0,,0,,,,,,287,0,0,7,,2,1,1.47,0,0,0,0,,0.1,,https://www.unsmokeyourworld.com/cr/regulation-matters/el-derecho-a-saber.html/,HTTP Redirect,https://www.unsmokeyourworld.com/cr/regulation-matters/el-derecho-a-saber.html
https://www.unsmokeyourworld.com/cr/como-unsmoke/smoke-free%20alternatives%20a%20better%20choice.html,Moved Permanently,301,text/html; charset=iso-8859-1,Non-Indexable,Redirected,,0,0,,0,0,,0,,0,,0,,0,,,,,,310,0,0,7,,0,0,0,0,0,0,0,,0.234,,https://www.unsmokeyourworld.com/cr/como-unsmoke/smoke-free%20alternatives%20a%20better%20choice.html/,HTTP Redirect,https://www.unsmokeyourworld.com/cr/como-unsmoke/smoke-free%20alternatives%20a%20better%20choice.html
https://www.unsmokeyourworld.com/cr/como-unsmoke/smoke-free%20alternatives%20a%20better%20choice.html/,Not Found,404,text/html;charset=utf-8,Non-Indexable,Client Error,,0,0,,0,0,,0,,0,,0,,0,,,,,,3276,0,0,8,,0,0,0,0,0,0,0,,0.091,"Wed, 21 Apr 2021 15:23:33 GMT",,,https://www.unsmokeyourworld.com/cr/como-unsmoke/smoke-free%20alternatives%20a%20better%20choice.html/
https://www.unsmokeyourworld.com/es/involucrate-1.html/,Not Found,404,text/html;charset=utf-8,Non-Indexable,Client Error,,0,0,,0,0,,0,,0,,0,,0,,,,,,3285,0,0,8,,0,0,0,0,0,0,0,,0.115,"Wed, 21 Apr 2021 15:28:59 GMT",,,https://www.unsmokeyourworld.com/es/involucrate-1.html/
https://www.unsmokeyourworld.com/es/como-unsmoke/obten-inspiracion/,Moved Permanently,301,text/html; charset=iso-8859-1,Non-Indexable,Redirected,,0,0,,0,0,,0,,0,,0,,0,,,,,,281,0,0,8,,0,0,0,0,0,0,0,,0.087,,https://www.unsmokeyourworld.com/es/como-unsmoke/obten-inspiracion/.html/,HTTP Redirect,https://www.unsmokeyourworld.com/es/como-unsmoke/obten-inspiracion/
https://www.unsmokeyourworld.com/es/news/unsmoke-around-the-world.html/,OK,200,text/html;charset=utf-8,Non-Indexable,Canonicalised,UNSMOKE AROUND THE WORLD,24,287,"All over the world, we have found Unsmokers with all kinds of stories, they share their Unsmoke journeys with us.",113,652,,0,UNSMOKE AROUND THE WORLD,24,,0,,0,"index,follow",,https://www.unsmokeyourworld.com/es/news/unsmoke-around-the-world.html,,,23166,71,1.9468186,8,,0,0,0,16,8,11,8,cc845f1bff4f3d347bc6137f587cfc43,0.097,"Wed, 21 Apr 2021 16:04:14 GMT",,,https://www.unsmokeyourworld.com/es/news/unsmoke-around-the-world.html/
https://www.unsmokeyourworld.com/cr/regulation-matters/el-derecho-a-saber.html/,OK,200,text/html;charset=utf-8,Non-Indexable,Canonicalised,El derecho a saber,18,151,"En PMI queremos participar del proceso hacia un futuro mejor, sin humo, a travÃ©s de la democratizaciÃ³n de la informaciÃ³n para todos.",132,773,,0,EL DERECHO A SABER,18,,0,,0,"index,follow",,https://www.unsmokeyourworld.com/cr/regulation-matters/el-derecho-a-saber.html,,,37083,1342,22.58717,8,,0,0,0,12,5,7,7,1035f8cbed153218033b687452016669,0.089,"Thu, 22 Apr 2021 08:38:16 GMT",,,https://www.unsmokeyourworld.com/cr/regulation-matters/el-derecho-a-saber.html/
https://www.unsmokeyourworld.com/en/news.html/,OK,200,text/html;charset=utf-8,Non-Indexable,Canonicalised,News,4,45,"Smokers should quit cigarettes altogether, but those who would otherwise continue smoking should be given the opportunity to switch to science-backed.",150,885,,0,News and Updates,16,,0,,0,"index,follow",,https://www.unsmokeyourworld.com/en/news.html,,,57041,552,5.964131,8,,0,0,0,49,24,11,8,c70b8a2230f4719568970a70512cf6c9,0.186,"Wed, 21 Apr 2021 22:22:05 GMT",,,https://www.unsmokeyourworld.com/en/news.html/
https://www.unsmokeyourworld.com/es/news/south-africa-joins-the-unsmoke-movement.html/,OK,200,text/html;charset=utf-8,Non-Indexable,Canonicalised,SOUTH AFRICA JOINS THE UNSMOKE MOVEMENT,39,436,"We will Unsmoke South Africa through the power of conversation, partnership and accurate information about smoke-free alternatives.",131,768,,0,SOUTH AFRICA JOINS THE UNSMOKE MOVEMENT,39,,0,,0,"index,follow",,https://www.unsmokeyourworld.com/es/news/south-africa-joins-the-unsmoke-movement.html,,,28778,343,7.422336,8,,0,0,0,16,8,11,8,9283f3b3ac95fda0add06b95f7944f62,0.091,"Wed, 21 Apr 2021 23:14:39 GMT",,,https://www.unsmokeyourworld.com/es/news/south-africa-joins-the-unsmoke-movement.html/
https://www.unsmokeyourworld.com/es/news/representing-unsmoke-at-canada-pride.html/,OK,200,text/html;charset=utf-8,Non-Indexable,Canonicalised,REPRESENTING UNSMOKE AT CANADA PRIDE,36,402,"This year Unsmoke helped to celebrate community and spread our message: if you donâ€™t smoke, donâ€™t start; if you smoke, quit; if you donâ€™t quit, change.",151,882,,0,REPRESENTING UNSMOKE AT CANADA PRIDE,36,,0,,0,"index,follow",,https://www.unsmokeyourworld.com/es/news/representing-unsmoke-at-canada-pride.html,,,28215,212,4.614567,8,,0,0,0,16,8,11,8,67b36c29416af490a6fec4f680237cdf,0.096,"Thu, 22 Apr 2021 01:18:56 GMT",,,https://www.unsmokeyourworld.com/es/news/representing-unsmoke-at-canada-pride.html/
https://www.unsmokeyourworld.com/es/news/unsmoking-the-world--together.html/,OK,200,text/html;charset=utf-8,Non-Indexable,Canonicalised,"UNSMOKING THE WORLD, TOGETHER",29,336,"Itâ€™s been a big first year for Unsmoke, and we are progressing towards sharing the initiative around the world.",111,624,,0,"UNSMOKING THE WORLD, TOGETHER",29,,0,,0,"index,follow",,https://www.unsmokeyourworld.com/es/news/unsmoking-the-world--together.html,,,28214,370,7.708939,8,,0,0,0,16,8,11,8,3577b18533d4b9aca2305f877a08a52d,0.095,"Thu, 22 Apr 2021 08:38:17 GMT",,,https://www.unsmokeyourworld.com/es/news/unsmoking-the-world--together.html/
https://www.unsmokeyourworld.com/en/news/unsmoking-the-belgrade-business-run.html,Moved Permanently,301,text/html; charset=iso-8859-1,Non-Indexable,Redirected,,0,0,,0,0,,0,,0,,0,,0,,,,,,290,0,0,9,,2,1,1.47,0,0,0,0,,0.088,,https://www.unsmokeyourworld.com/en/news/unsmoking-the-belgrade-business-run.html/,HTTP Redirect,https://www.unsmokeyourworld.com/en/news/unsmoking-the-belgrade-business-run.html
https://www.unsmokeyourworld.com/en/news/could-unsmoking-boost-your-social-life.html,Moved Permanently,301,text/html; charset=iso-8859-1,Non-Indexable,Redirected,,0,0,,0,0,,0,,0,,0,,0,,,,,,293,0,0,9,,2,1,1.47,0,0,0,0,,0.099,,https://www.unsmokeyourworld.com/en/news/could-unsmoking-boost-your-social-life.html/,HTTP Redirect,https://www.unsmokeyourworld.com/en/news/could-unsmoking-boost-your-social-life.html
https://www.unsmokeyourworld.com/es/como-unsmoke/obten-inspiracion/.html/,Forbidden,403,text/html; charset=iso-8859-1,Non-Indexable,Client Error,,0,0,,0,0,,0,,0,,0,,0,,,,,,264,0,0,9,,0,0,0,0,0,0,0,,0.095,,,,https://www.unsmokeyourworld.com/es/como-unsmoke/obten-inspiracion/.html/
https://www.unsmokeyourworld.com/en/news/unsmoking-the-world--together.html,Moved Permanently,301,text/html; charset=iso-8859-1,Non-Indexable,Redirected,,0,0,,0,0,,0,,0,,0,,0,,,,,,284,0,0,9,,2,1,1.47,0,0,0,0,,0.087,,https://www.unsmokeyourworld.com/en/news/unsmoking-the-world--together.html/,HTTP Redirect,https://www.unsmokeyourworld.com/en/news/unsmoking-the-world--together.html
https://www.unsmokeyourworld.com/en/news/unsmoke-sarajevo.html,Moved Permanently,301,text/html; charset=iso-8859-1,Non-Indexable,Redirected,,0,0,,0,0,,0,,0,,0,,0,,,,,,271,0,0,9,,2,1,1.47,0,0,0,0,,0.093,,https://www.unsmokeyourworld.com/en/news/unsmoke-sarajevo.html/,HTTP Redirect,https://www.unsmokeyourworld.com/en/news/unsmoke-sarajevo.html
https://www.unsmokeyourworld.com/en/news/unsmoking-portugals-forests.html,Moved Permanently,301,text/html; charset=iso-8859-1,Non-Indexable,Redirected,,0,0,,0,0,,0,,0,,0,,0,,,,,,282,0,0,9,,2,1,1.47,0,0,0,0,,0.088,,https://www.unsmokeyourworld.com/en/news/unsmoking-portugals-forests.html/,HTTP Redirect,https://www.unsmokeyourworld.com/en/news/unsmoking-portugals-forests.html
https://www.unsmokeyourworld.com/en/news/representing-unsmoke-at-canada-pride.html,Moved Permanently,301,text/html; charset=iso-8859-1,Non-Indexable,Redirected,,0,0,,0,0,,0,,0,,0,,0,,,,,,291,0,0,9,,2,1,1.47,0,0,0,0,,0.128,,https://www.unsmokeyourworld.com/en/news/representing-unsmoke-at-canada-pride.html/,HTTP Redirect,https://www.unsmokeyourworld.com/en/news/representing-unsmoke-at-canada-pride.html
https://www.unsmokeyourworld.com/en/news/south-africa-joins-the-unsmoke-movement.html,Moved Permanently,301,text/html; charset=iso-8859-1,Non-Indexable,Redirected,,0,0,,0,0,,0,,0,,0,,0,,,,,,294,0,0,9,,2,1,1.47,0,0,0,0,,0.125,,https://www.unsmokeyourworld.com/en/news/south-africa-joins-the-unsmoke-movement.html/,HTTP Redirect,https://www.unsmokeyourworld.com/en/news/south-africa-joins-the-unsmoke-movement.html
https://www.unsmokeyourworld.com/en/news/uk-smoking-rates-constituency.html,Moved Permanently,301,text/html; charset=iso-8859-1,Non-Indexable,Redirected,,0,0,,0,0,,0,,0,,0,,0,,,,,,284,0,0,9,,2,1,1.47,0,0,0,0,,0.1,,https://www.unsmokeyourworld.com/en/news/uk-smoking-rates-constituency.html/,HTTP Redirect,https://www.unsmokeyourworld.com/en/news/uk-smoking-rates-constituency.html
https://www.unsmokeyourworld.com/en/news/unsmoking-local-governments.html,Moved Permanently,301,text/html; charset=iso-8859-1,Non-Indexable,Redirected,,0,0,,0,0,,0,,0,,0,,0,,,,,,282,0,0,9,,2,1,1.47,0,0,0,0,,0.093,,https://www.unsmokeyourworld.com/en/news/unsmoking-local-governments.html/,HTTP Redirect,https://www.unsmokeyourworld.com/en/news/unsmoking-local-governments.html
https://www.unsmokeyourworld.com/en/news/pmi-wants-to-unsmoke-canada.html,Moved Permanently,301,text/html; charset=iso-8859-1,Non-Indexable,Redirected,,0,0,,0,0,,0,,0,,0,,0,,,,,,282,0,0,9,,2,1,1.47,0,0,0,0,,0.09,,https://www.unsmokeyourworld.com/en/news/pmi-wants-to-unsmoke-canada.html/,HTTP Redirect,https://www.unsmokeyourworld.com/en/news/pmi-wants-to-unsmoke-canada.html
https://www.unsmokeyourworld.com/en/news/unsmoke-around-the-world.html,Moved Permanently,301,text/html; charset=iso-8859-1,Non-Indexable,Redirected,,0,0,,0,0,,0,,0,,0,,0,,,,,,279,0,0,9,,2,1,1.47,0,0,0,0,,0.1,,https://www.unsmokeyourworld.com/en/news/unsmoke-around-the-world.html/,HTTP Redirect,https://www.unsmokeyourworld.com/en/news/unsmoke-around-the-world.html
https://www.unsmokeyourworld.com/en/news/smokers-in-the-dark-over-alternatives-to-smoking-cigarettes.html,Moved Permanently,301,text/html; charset=iso-8859-1,Non-Indexable,Redirected,,0,0,,0,0,,0,,0,,0,,0,,,,,,314,0,0,9,,2,1,1.47,0,0,0,0,,0.115,,https://www.unsmokeyourworld.com/en/news/smokers-in-the-dark-over-alternatives-to-smoking-cigarettes.html/,HTTP Redirect,https://www.unsmokeyourworld.com/en/news/smokers-in-the-dark-over-alternatives-to-smoking-cigarettes.html
https://www.unsmokeyourworld.com/en/news/bulgarians-prove-their-passion-unsmoking.html,Moved Permanently,301,text/html; charset=iso-8859-1,Non-Indexable,Redirected,,0,0,,0,0,,0,,0,,0,,0,,,,,,295,0,0,9,,2,1,1.47,0,0,0,0,,0.114,,https://www.unsmokeyourworld.com/en/news/bulgarians-prove-their-passion-unsmoking.html/,HTTP Redirect,https://www.unsmokeyourworld.com/en/news/bulgarians-prove-their-passion-unsmoking.html
https://www.unsmokeyourworld.com/en/news/how-does-smoking-affect-relationships.html,Moved Permanently,301,text/html; charset=iso-8859-1,Non-Indexable,Redirected,,0,0,,0,0,,0,,0,,0,,0,,,,,,292,0,0,9,,2,1,1.47,0,0,0,0,,0.132,,https://www.unsmokeyourworld.com/en/news/how-does-smoking-affect-relationships.html/,HTTP Redirect,https://www.unsmokeyourworld.com/en/news/how-does-smoking-affect-relationships.html
https://www.unsmokeyourworld.com/en/news/unsmoke-joins-the-urban-dictionary.html,Moved Permanently,301,text/html; charset=iso-8859-1,Non-Indexable,Redirected,,0,0,,0,0,,0,,0,,0,,0,,,,,,289,0,0,9,,2,1,1.47,0,0,0,0,,0.095,,https://www.unsmokeyourworld.com/en/news/unsmoke-joins-the-urban-dictionary.html/,HTTP Redirect,https://www.unsmokeyourworld.com/en/news/unsmoke-joins-the-urban-dictionary.html
https://www.unsmokeyourworld.com/en/news/representing-unsmoke-at-canada-pride.html/,OK,200,text/html;charset=utf-8,Non-Indexable,Canonicalised,REPRESENTING UNSMOKE AT CANADA PRIDE,36,402,"This year Unsmoke helped to celebrate community and spread our message: if you donâ€™t smoke, donâ€™t start; if you smoke, quit; if you donâ€™t quit, change.",151,882,,0,REPRESENTING UNSMOKE AT CANADA PRIDE,36,,0,,0,"index,follow",,https://www.unsmokeyourworld.com/en/news/representing-unsmoke-at-canada-pride.html,,,31139,219,4.1876745,10,,0,0,0,20,10,11,8,5275de6794a5460f354fbfcd8e50fb58,0.109,"Thu, 22 Apr 2021 02:46:12 GMT",,,https://www.unsmokeyourworld.com/en/news/representing-unsmoke-at-canada-pride.html/
https://www.unsmokeyourworld.com/en/news/unsmoking-the-belgrade-business-run.html/,OK,200,text/html;charset=utf-8,Non-Indexable,Canonicalised,UNSMOKE COMES TO THE BELGRADE BUSINESS RUN,42,476,Unsmoke Your World is expanding its efforts worldwide. Learn how our local team in Serbia embraced the Unsmoke Your World movement at the Belgrade Business Run.,160,981,,0,UNSMOKE COMES TO THE BELGRADE BUSINESS RUN,42,,0,,0,"index,follow",,https://www.unsmokeyourworld.com/en/news/unsmoking-the-belgrade-business-run.html,,,32623,302,5.37964,10,,0,0,0,20,10,11,8,9418313a27022a488e8894c36f572241,0.093,"Thu, 22 Apr 2021 08:38:18 GMT",,,https://www.unsmokeyourworld.com/en/news/unsmoking-the-belgrade-business-run.html/
https://www.unsmokeyourworld.com/en/news/unsmoke-joins-the-urban-dictionary.html/,OK,200,text/html;charset=utf-8,Non-Indexable,Canonicalised,UNSMOKE JOINS THE URBAN DICTIONARY,34,371,"Philip Morris International's goal is to create a Smoke-free Future. Find out what this means, how you can help and what it means to Unsmoke Your World.",152,894,,0,UNSMOKE JOINS THE URBAN DICTIONARY,34,"IF YOU DONâ€™T SMOKE,Â DONâ€™T START. IF YOU SMOKE,Â QUIT. IF YOU DONâ€™T QUIT,Â CHANGE.",79,,0,"index,follow",,https://www.unsmokeyourworld.com/en/news/unsmoke-joins-the-urban-dictionary.html,,,34214,434,7.5524635,10,,0,0,0,20,10,12,9,35c075c60c4001bcaf4a13440dee956a,0.085,"Wed, 21 Apr 2021 22:35:53 GMT",,,https://www.unsmokeyourworld.com/en/news/unsmoke-joins-the-urban-dictionary.html/
https://www.unsmokeyourworld.com/en/news/uk-smoking-rates-constituency.html/,OK,200,text/html;charset=utf-8,Non-Indexable,Canonicalised,THE UNSMOKE CONSTITUENCY HEATMAP,32,372,A new survey shows that smoking can negatively affect relationships.,68,399,,0,THE UNSMOKE CONSTITUENCY HEATMAP,32,PMI CREATES A RESOURCE TO ALLOW THE PUBLIC AND POLITICIANS TO VISUALLY EXPLORE SMOKING RATES ACROSS GREAT BRITAIN,113,,0,"index,follow",,https://www.unsmokeyourworld.com/en/news/uk-smoking-rates-constituency.html,,,33898,378,6.9591126,10,,0,0,0,20,10,12,9,367621b2a4748f4d3f67a38d7c225782,0.095,"Wed, 21 Apr 2021 19:05:05 GMT",,,https://www.unsmokeyourworld.com/en/news/uk-smoking-rates-constituency.html/
https://www.unsmokeyourworld.com/en/news/unsmoke-around-the-world.html/,OK,200,text/html;charset=utf-8,Non-Indexable,Canonicalised,UNSMOKE AROUND THE WORLD,24,287,"All over the world, we have found Unsmokers with all kinds of stories, they share their Unsmoke journeys with us.",113,652,,0,UNSMOKE AROUND THE WORLD,24,,0,,0,"index,follow",,https://www.unsmokeyourworld.com/en/news/unsmoke-around-the-world.html,,,32993,440,7.9865427,10,,0,0,0,20,10,11,8,1d5e2be92ceb91d38d343ed604d9ec5a,0.084,"Wed, 21 Apr 2021 18:45:38 GMT",,,https://www.unsmokeyourworld.com/en/news/unsmoke-around-the-world.html/
https://www.unsmokeyourworld.com/en/news/smokers-in-the-dark-over-alternatives-to-smoking-cigarettes.html/,OK,200,text/html;charset=utf-8,Non-Indexable,Canonicalised,SMOKERS IN THE DARK OVER BETTER ALTERNATIVES,44,479,New survey reveals many smokers believe they donâ€™t have enough facts about alternatives to make an informed choice.,115,685,,0,Â  SMOKERS IN THE DARK OVER BETTER ALTERNATIVES,46,NEW SURVEY REVEALS MANY SMOKERS BELIEVE THEY DONâ€™T HAVE ENOUGH FACTS ABOUT ALTERNATIVES TO MAKE AN INFORMED CHOICE.,115,,0,"index,follow",,https://www.unsmokeyourworld.com/en/news/smokers-in-the-dark-over-alternatives-to-smoking-cigarettes.html,,,37363,464,7.9276285,10,,0,0,0,20,10,11,8,c20760e6943dff833fa75428b2a5cf1a,0.084,"Thu, 22 Apr 2021 08:11:19 GMT",,,https://www.unsmokeyourworld.com/en/news/smokers-in-the-dark-over-alternatives-to-smoking-cigarettes.html/
https://www.unsmokeyourworld.com/en/news/unsmoke-sarajevo.html/,OK,200,text/html;charset=utf-8,Non-Indexable,Canonicalised,UNSMOKE SARAJEVO,16,189,One of the worldâ€™s most polluted capitals is taking its first steps to becoming a greener city.,95,529,,0,UNSMOKE SARAJEVO,16,What is Unsmoke Sarajevo?,25,Â ,1,"index,follow",,https://www.unsmokeyourworld.com/en/news/unsmoke-sarajevo.html,,,35099,446,7.9660387,10,,0,0,0,20,10,12,9,cb7d9d7b55a0d5e7f43d4f6a9871ee0f,0.094,"Thu, 22 Apr 2021 08:38:18 GMT",,,https://www.unsmokeyourworld.com/en/news/unsmoke-sarajevo.html/
https://www.unsmokeyourworld.com/en/news/unsmoking-portugals-forests.html/,OK,200,text/html;charset=utf-8,Non-Indexable,Canonicalised,UNSMOKING PORTUGAL'S FORESTS,28,320,A new survey shows that smoking can negatively affect relationships.,68,399,,0,Unsmoking Portugal's forests,28,,0,,0,"index,follow",,https://www.unsmokeyourworld.com/en/news/unsmoking-portugals-forests.html,,,35748,435,7.3346763,10,,0,0,0,20,10,11,8,26c3bf6eea8feb6bc9b77479241465a1,0.093,"Wed, 21 Apr 2021 18:40:13 GMT",,,https://www.unsmokeyourworld.com/en/news/unsmoking-portugals-forests.html/
https://www.unsmokeyourworld.com/en/news/unsmoking-the-world--together.html/,OK,200,text/html;charset=utf-8,Non-Indexable,Canonicalised,"UNSMOKING THE WORLD, TOGETHER",29,336,"Itâ€™s been a big first year for Unsmoke, and we are progressing towards sharing the initiative around the world.",111,624,,0,"UNSMOKING THE WORLD, TOGETHER",29,,0,,0,"index,follow",,https://www.unsmokeyourworld.com/en/news/unsmoking-the-world--together.html,,,32789,377,6.6577206,10,,0,0,0,20,10,11,8,b2461be5bfb6fa3ad02211e13c8ff1e9,0.086,"Thu, 22 Apr 2021 08:38:19 GMT",,,https://www.unsmokeyourworld.com/en/news/unsmoking-the-world--together.html/
https://www.unsmokeyourworld.com/en/news/how-does-smoking-affect-relationships.html/,OK,200,text/html;charset=utf-8,Non-Indexable,Canonicalised,HOW DOES SMOKING AFFECT RELATIONSHIPS?,38,421,A new survey shows that smoking can negatively affect relationships.,68,399,,0,"RELIGHT YOUR FIRE, NOT YOUR CIGARETTE",37,"A NEW SURVEY HAS LIFTED THE LID ON THE IMPACT SMOKING CAN HAVE ON RELATIONSHIPS, AND SHOWS IT IS A SOURCE OF CONFLICT FOR COUPLES MADE UP OF A SMOKER AND NONSMOKER.",164,UNSMOKING TOGETHER,18,"index,follow",,https://www.unsmokeyourworld.com/en/news/how-does-smoking-affect-relationships.html,,,37299,486,7.997534,10,,0,0,0,22,12,11,8,e0f9e6c6f9c2475ea70cdbf62cc940e6,0.092,"Wed, 21 Apr 2021 16:04:24 GMT",,,https://www.unsmokeyourworld.com/en/news/how-does-smoking-affect-relationships.html/
https://www.unsmokeyourworld.com/en/news/could-unsmoking-boost-your-social-life.html/,OK,200,text/html;charset=utf-8,Non-Indexable,Canonicalised,COULD UNSMOKING BOOST YOUR SOCIAL LIFE?,39,425,Survey says: smokersâ€™ social life with friends and family is impacted by smoking. What we learned from an independent study on smoking and relationships.,153,903,,0,Could unsmoking boost your social life?,39,,0,,0,"index,follow",,https://www.unsmokeyourworld.com/en/news/could-unsmoking-boost-your-social-life.html,,,37540,609,10.013319,10,,0,0,0,22,12,11,8,ca7600feea799669d62eb1ba30586cd4,0.093,"Thu, 22 Apr 2021 08:38:19 GMT",,,https://www.unsmokeyourworld.com/en/news/could-unsmoking-boost-your-social-life.html/
https://www.unsmokeyourworld.com/en/news/south-africa-joins-the-unsmoke-movement.html/,OK,200,text/html;charset=utf-8,Non-Indexable,Canonicalised,SOUTH AFRICA JOINS THE UNSMOKE MOVEMENT,39,436,"We will Unsmoke South Africa through the power of conversation, partnership and accurate information about smoke-free alternatives.",131,768,,0,SOUTH AFRICA JOINS THE UNSMOKE MOVEMENT,39,,0,,0,"index,follow",,https://www.unsmokeyourworld.com/en/news/south-africa-joins-the-unsmoke-movement.html,,,32750,350,6.509924,10,,0,0,0,20,10,11,8,ffb354099f9ab6fa61889d167ec209ca,0.088,"Thu, 22 Apr 2021 08:38:19 GMT",,,https://www.unsmokeyourworld.com/en/news/south-africa-joins-the-unsmoke-movement.html/
https://www.unsmokeyourworld.com/en/news/unsmoking-local-governments.html/,OK,200,text/html;charset=utf-8,Non-Indexable,Canonicalised,UNSMOKING LOCAL GOVERNMENTS,27,319,PMI attended the Local Government Associationâ€™s annual conference to demonstrate our commitment to a smoke-free future in the UK from small towns to big cities.,160,952,,0,Unsmoking local governments,27,,0,,0,"index,follow",,https://www.unsmokeyourworld.com/en/news/unsmoking-local-governments.html,,,32446,272,5.319608,10,,0,0,0,20,10,11,8,ae46fe697bada6bdeac8339122b4cc9c,0.095,"Thu, 22 Apr 2021 04:55:20 GMT",,,https://www.unsmokeyourworld.com/en/news/unsmoking-local-governments.html/
https://www.unsmokeyourworld.com/en/news/pmi-wants-to-unsmoke-canada.html/,OK,200,text/html;charset=utf-8,Non-Indexable,Canonicalised,PHILIP MORRIS INTERNATIONAL WANTS CANADA TO UNSMOKE,51,552,MD and employees take to the streets to help smokers rid themselves of cigarettes.,82,485,,0,PHILIP MORRIS INTERNATIONAL WANTS CANADA TO UNSMOKE,51,,0,,0,"index,follow",,https://www.unsmokeyourworld.com/en/news/pmi-wants-to-unsmoke-canada.html,,,33536,441,8.033158,10,,0,0,0,20,10,12,9,98b7cbea51b9590ffa3e2f17a99bf1fe,0.099,"Thu, 22 Apr 2021 02:50:24 GMT",,,https://www.unsmokeyourworld.com/en/news/pmi-wants-to-unsmoke-canada.html/
https://www.unsmokeyourworld.com/en/news/bulgarians-prove-their-passion-unsmoking.html/,OK,200,text/html;charset=utf-8,Non-Indexable,Canonicalised,BULGARIANS PROVE THEIR PASSION FOR UNSMOKING,44,480,A new survey shows that smoking can negatively affect relationships.,68,399,,0,Bulgarians prove their passion for unsmoking,44,PMIâ€™S CAMPAIGN HAS SPARKED A SHIFT TO A SMOKE-FREE FUTURE IN THE BALKAN NATION.,79,,0,"index,follow",,https://www.unsmokeyourworld.com/en/news/bulgarians-prove-their-passion-unsmoking.html,,,33405,305,5.469241,10,,0,0,0,20,10,11,8,d6c64f79ec8c29a5e277e5843d80f865,0.099,"Wed, 21 Apr 2021 19:00:54 GMT",,,https://www.unsmokeyourworld.com/en/news/bulgarians-prove-their-passion-unsmoking.html/
